医療,心理・福祉・リハビリ,美容・ファッション,旅行・ホテル,飲食,教育・保育,自然・動物,運輸・乗り物,出版・報道,テレビ・映画,音楽・ラジオ,芸能,スポーツ,マンガ・アニメ・ゲーム,広告・デザイン・アート,コンピューター,保安,法律,国際,金融・会計,事務,建築・インテリア,オフィス,公務員,葬祭・宗教,その他
医療,医師,医学の専門知識を有し、病気やケガの診察・治療や、病気の原因を解明する研究を行う
医療,薬剤,師医薬品の専門知識を持ち、処方箋に基づく薬の調剤や、患者さんへの服薬指導を行う
医療,看護,師医療現場で患者さんの心身のケアを行い、医師の診察・治療をサポートする
医療,保健師,企業、学校、保健所などに勤務し、病気の予防や健康増進のための指導とアドバイスを行う
医療,助産師,お産介助から妊娠・出産前後の心身ケアまで、女性の健康を総合的ににサポートする
医療,救急救命士救急車に同乗し、医師の指導の下で救急救命処置を実施。一刻を争う事態に最善を尽くす
医療,歯科医師,歯や舌、あごなど口腔内全般の診察・治療を行い、患者さんの口の健康と美を守る
医療,歯科衛生士,歯科医療の現場で、歯科医師の診療補助や、虫歯・歯周病予防措置、歯科保健指導を行う
医療,歯科技工士,特殊な道具と技術を駆使して、入れ歯、被せ物、矯正装置などを作る歯科業界の職人
医療,臨床検査技師,医師の指導の下、病気の診断や治療に必要な心電図・脳波・血液などの各種検査を行う
医療,診療放射線技師,医師の指導の下、放射線を用いた各種検査や、がん治療の際の放射線治療を専門的に行う
医療,臨床工学技士,病院で使用する生命維持のための機器操作や保守点検を行い、医療現場を支える
医療,視能訓練士,眼科医の指導の下、目に関する各種検査や、機能回復のための訓練、リハビリを行う
医療,医療事務,病院の受付窓口業務や診療報酬明細書を作成する、医療現場における事務のスペシャリスト
医療,医療秘書,医療機関における事務職のスペシャリスト。医師や他スタッフの活躍を裏方でサポートする
医療,歯科助手,歯科医院での受付やカルテ整理、治療の補佐など、裏方として歯科医師をサポートする
医療,登録販売者,薬局等で一般用医薬品（第2類・第3類）を販売するために必要な資格を持つ人のこと
医療,MR医,薬品メーカーに所属し、医薬品に関する効能や副作用などの最新情報を病院に提供する
医療,治験コーディネーター,新薬の研究開発過程に必要な治験を行う際に、医療機関に代わってその進行をサポートする
医療,病棟クラーク,入院施設のある病院に勤務し、入院患者のカルテ管理や各種手続きを行い医師と看護師をサポートする
医療,診療情報管理士,医療機関において、医師が作成するカルテの保存と活用に関わる業務を行う仕事。
医療,医療情報管理士,
医療,獣医師,ペットや家畜の診察・治療を行う動物のお医者さん。食肉検査や野生動物保護に携わる人も
医療,製薬会社社員,
医療,医療機器メーカー社員,病院やクリニックなどの医療現場で用いられる多種多様な製品を製造し、販売する。
医療,ドラッグストア店員,
医療,オプトメトリスト,「視る力」に問題のある患者さんにトレーニングを行い、視力アップを促す目の専門職。
医療,移植コーディネーター,移植医療の際に、提供者（ドナー）と移植者（レシピエント）の間に立ち、調整する。
医療,細胞検査士,医療機関で、がん細胞の早期発見など細胞病理検査を専門的に行う。
医療,臨床開発モニター,（CRA）製薬会社が行う治験が、法律やルールに則って適正に実施されているかを確認する。
心理・福祉・リハビリ
臨床心理士カウンセリングや心理学の専門技法によって、人が抱える心の問題を解決に導く
介護福祉士要介護者の身体介護と生活援助を行い、本人とその家族の日常生活を支援する
社会福祉士日常生活が困難な人の相談にのり、一人ひとりの事情に合う福祉サービスを提供する
精神保健福祉士精神上の障害を抱える人や家族の相談にのり、社会参加のための助言や手助けを行う
ケアマネジャー要介護認定を受けた高齢者に対し、適切な支援を受けるための「ケアプラン」を作成する
ホームヘルパー高齢者や身体の障害を抱える人に対し、食事、排泄、入浴等身の回りのお手伝いをする
理学療法士身体が不自由な人にリハビリを行い、「歩く、座る」など基本的な身体機能の回復を図る
作業療法士身体が不自由な人にリハビリを行い、家事など日常生活を送るうえで必要な能力を高める
言語聴覚士話すことや聴くことが不自由な人などに対し、それらの能力を回復させるためのリハビリを行う
柔道整復師柔術を起源とする治療法を用い、投薬は手術は行わず、打撲、捻挫、骨折、脱臼などの治療を行う
あん摩マッサージ指圧師東洋医学に基づく手技を用いて血行の流れを良くし、筋肉のこりや痛みを和らげる
鍼灸師全身のツボに刺激を与える「はり」と熱を与える「きゅう」の施術で、諸症状を改善に導く
整体師手技で筋肉バランスや骨格を調整。人の自然治癒力を高め、肩こりなどの症状を和らげる
義肢装具士体幹機能に不自由を抱える人に向けて、人口の手足となる義肢・装具を作成、調整する職人
ソーシャルワーカー病気、ケガ、障害を持つ人やその家族と面談をし、日常生活上の困りごとについて支援する
ケースワーカー高齢や障害によって、日常生活を送ることが困難な地域住民の相談援助業務を担当する
生活相談員介護施設において、利用者やその家族との面談や各種手続きなど、窓口業務を担当する
スクールカウンセラー心理学の専門家として、カウンセリング等を通じて学校に通う年齢の子どもの心をケアする
児童指導員児童福祉施設で暮らす0～18歳の子どもたちを、保護者の代わりに育成、指導する
社会福祉主事福祉事務所や公的福祉施設で、日常生活を送ることが困難な人の相談援助業務を行う公務員
産業カウンセラー民間企業など、産業の現場で働く人のキャリアやメンタルヘルス対策についての援助を行う
心理カウンセラー心の悩みを抱えるクライアントに対し、心理療法を実践して問題解決の手助けを行う
介護事務介護関連施設において、受付や会計をはじめ、介護サービスに関する事務全般を担当する。
健康運動指導士保険医療機関と連携し、対象者の心身の状態に合わせた運動プログラム作成と指導を行う
福祉用具専門相談員
音楽療法士音楽が持つ力を利用した心理的治療を実践し、自閉症や精神障害など心の問題にアプローチ
セラピストアロマなどの民間療法で心身にアプローチし、多様な不安や悩みを抱える人の心身を癒やす
アロマセラピスト天然の植物から抽出したオイルを用い、香りによるヒーリング効果で心と身体を癒やす
手話通訳士手話の技法を用い、聴覚障害者が健常者と円滑にコミュニケーションできるよう手助けする
キャリアカウンセラー就職・転職をはじめ「人の生き方や働き方」に関するカウンセリングを行い、自己実現を支援する
メンタルトレーナー心理学の手法を用い、クライアントが抱える悩みや問題に対してメンタル面からサポート。 カイロプラクターアメリカ発祥の手技療法を施術し、人間が持つ自然治癒力を高める。 リフレクソロジストアメリカ発祥の民間の反射療法を施術し、内臓の自然治癒力や血行、新陳代謝を活発にする。 福祉住環境コーディネーター高齢者や障害者が安全かつ快適に暮らせるよう、より住みやすい住環境を提案する。
美容・ファッション
美容師美とヘアスタイルの専門家。技術と創造力を駆使して、お客さまを美しく変身させる
理容師ヘアカットからヘアスタイリング、顔そりまで、お客さまの顔回りの身だしなみを整える
ネイリストお客さまの爪をきれいに整え、マニキュアやラインストーンなどで美しい装飾を施す
アイリストまつ毛ケアのプロフェッショナル。道具や薬剤を使いながら、j人のまつ毛をきれいにする。
エステティシャン専用の器具を使った施術やマッサージによって肌の調子を整え、全身を美しくする
メイクアップアーティスト人を美しく魅せる専門家。モデル、女優などにメイクを施し、ヘアスタイルを整える
スタイリストCMやドラマ、雑誌などに出演するタレント、モデルにファッションアイテムをコーディネートする
ファッションデザイナー世の中のニーズを掴み取りながら、洋服・靴・バッグをデザインし、ヒット商品を生み出す
パタンナーファッションデザイナーが描いた平面図を基に、製品化するために必要な型紙を製作する
和裁士反物を使った和服の「仕立て」や、寸法やほころびなどの「直し」を専門に行う職人
ショップ店員アパレル、雑貨などのショップで、商品管理から品出し、接客・販売など幅広く業務を行う
アパレル店員アパレルショップで接客や販売を中心に、商品管理や店舗レイアウトに携わる
美容部員高度なメイクテクニックや接客スキルを持つ、化粧品販売のプロフェッショナル。
バイヤー店舗に並べる商品を買い付ける仕事。流行を察知し、世界中から魅力的な商品を探し出す
ジュエリーデザイナージュエリー製作を専門とするデザイナー。完成品の基となるラフスケッチや図案を作成する
化粧品メーカー社員化粧品を製造・販売する会社。新商品を企画・開発し、店舗販売や通販で消費者に届ける。
百貨店社員複数の分野の専門店が入り、多種類の商品を展示陳列して販売する小売店に勤める人のこと。
アパレルメーカー社員衣料品を作り、卸売や販売を行う会社。新商品の企画やデザイン、販売まで幅広く手掛ける。
ウエディングドレスデザイナー結婚式で新婦が着用するウェディングドレスのデザインや制作を行う。 カラリスト目的やTPOにふさわしい色彩をアドバイスする、色彩のプロフェッショナル。 シューフィッター一人ひとりの人間の足にピッタリと合う靴を選んで提案する、靴の専門家。 テキスタイルデザイナー繊維や織りの知識を持ち、服飾やインテリアなどのテキスタイル（生地）をデザインする。 ファッションアドバイザーアパレルショップで、お客さまへの商品の提案や、着こなしのアドバイスをする。 ファッションコーディネーターアパレル企業や百貨店の服飾部門などで、ブランドイメージの向上と販売促進を担当する。 ブライダルスタイリスト季節感や場の雰囲気に合わせ、結婚式当日の新郎新婦が着用する衣装をコーディネート。 レセプショニスト病院、ホテル、サロンなどにおける受付係やフロントとして働く人のこと。 着付け師お客さまから依頼を受け、慶事から弔事まで目的別に着物を手早く、美しく着付ける。
旅行・ホテル
客室乗務員（CA)パイロットと協力し合い、旅客機内での保安管理と乗客への機内サービスを行う
グランドスタッフ搭乗手続きから乗客の案内まで空港での接客業務を行い、安全・安心なフライトを実現する
ホテルスタッフ宿泊、料飲、宴会などホテルの各部門で、お客さまに最高のおもてなしを提供する
ウエディングプランナー新郎・新婦の好みや要望を取り入れながら、人生の思い出に残る結婚式をプロデュースする
ツアーコンダクターツアーの準備から各種手配をトータルにこなす。ツアーにも同行し、楽しい旅を演出する
バスガイド観光バス・貸切バスに乗務し、観光地の情報提供や観光地の案内でお客さまを楽しませる
通訳案内士訪日外国人に対して日本の魅力をわかりやすく伝え、滞在中の生活を広くサポートする
海外ツアーガイド日本から海外へ旅行するお客さまのガイド役。現地の観光案内や送迎などを行う
旅行代理店社員交通・宿泊などの旅行商品を企画・実施、あるいは仲介して販売する。
仲居
テーマパークスタッフ来園者をもてなす仕事。案内から店舗での販売、清掃など、多岐にわたる業務を担当する。
飲食
栄養士栄養に関する知識を生かし、学校や病院などの施設で食事の計画・管理と提供を行う
管理栄養士より専門的な栄養学の知識を持ち、一人ひとりの体質や病気に応じた栄養指導を行う
パティシエ洋菓子店、レストラン、ホテルなどで活躍する、洋菓子作りのプロフェッショナル
調理師料理にまつわる確かな知識・技能を持ち、厨房でお客さまのために腕を振るう
板前料亭や割烹、日本料理店などで、懐石料理などの日本料理を作るプロの料理人
シェフ厨房の指揮官として、メニュー考案やコックの指導・教育、料理のプロデュース等に携わる
寿司職人魚の知識と扱い方に熟知した料理人。日本の伝統食「寿司」を握り、お客さまに提供する
和菓子職人食材の知識や和菓子作りの多様な技法を身につけ、さまざまな生菓子や干菓子を作る
ソムリエ飲食店で活躍するサービスマン。料理やお客さまの好みに合うワインを選び、提供する
バーテンダー多様な技術を使ったカクテルなどのお酒を作り、バーでの快適な空間を演出する
バリスタコーヒーのスペシャリスト。豆や焙煎に関する知識と技術を発揮し、最高の一杯を提供する
ホールスタッフ飲食店でお客さまをもてなす仕事。ご案内から注文、配膳、会計まで幅広く担当する。
フードコーディネーターレシピ作成から食品開発まで、あらゆる角度から「食」を楽しむための提案をする
野菜ソムリエ野菜と果物のスペシャリスト。おいしい食べ方やレシピを考案し、人々に広く伝えていく
ショコラティエ洋菓子職人のなかでも、繊細な扱いが要求されるチョコレートを専門に菓子を作る職人。
パン職人パン作りの専門家。オリジナルパンの企画・レシピ考案や、厨房での発酵、焼き上げを行う
カフェオーナー
ラーメン屋店長
居酒屋店長
料理研究家味・見た目・栄養などの面から新たなレシピを開発し、その魅力を多くの人に伝えていく
調香師香料を組み合わせ、身の回りのあらゆるものに使われる、新たな「香り」を作り出す
食品衛生監視員輸入食品の監視や検疫業務、飲食店で食中毒の調査等を行い、「食の安全・安心」を守る
飲食店社員
食品メーカー社員原材料を仕入れて食品を製造し、流通させる。安全・安心に基づく商品の製造が使命。
飲料メーカー社員水、お茶、ジュースなどのさまざまな飲料品を企画・製造し、安全に流通させる。
教育・保育
保育士0歳から6歳までの子どもを預かり、その安全を守るとともに、身の回りの世話を行う
幼稚園教諭満3歳から小学校入学前の子どもに教育を行い、人間性や感性、身体能力を育む
ベビーシッター個人宅や保育施設で赤ちゃん、子どもを預かり、身の回りの世話や教育、しつけを行う
小学校教師満6歳から12歳の児童に学習・生活指導を行い、豊かな人間性と個性を育む
中学校教師中学校で専門教科の授業を行いながら、進路指導や生活指導を通じて生徒の心のケアを行う
高校教師高校で専門教科の教育を行うとともに、生徒一人ひとりが社会に出るための手助けを行う
養護教諭「保健室の先生」として、児童・学生の健康管理と、病気やケガの予防指導を行う
特別支援学校教諭養護学校や盲・聾学校に勤務する教員。個々の児童・生徒の障害の状態に合う指導を行う
大学教授文学、法学、心理学など、専門分野の研究と学生への教育を行いながら、大学運営に携わる
大学職員国公立および私立大学に勤務し、事務、広報などの業務を通じて大学を運営する
学校事務各学校に勤務し、学生や教職員が安心して過ごせるよう学校運営を裏方としてサポートする。
塾講師塾で受験対策や学力向上のための指導を行うとともに、教材研究や保護者面談などを行う
予備校講師大学受験対策をおもな目的として、高校生や高卒生に各教科の指導とアドバイスを行う
司書学校・自治体の図書館に勤務し、本の管理や本に関する資料や情報の提供、施設運営に携わる
日本語教師日本語の背景にある習慣や文化、歴史を伝えながら、外国人に日本語を教える先生
学芸員博物館や美術館で働く職員。資料収集、管理や展覧会の企画、広報活動まで幅広く担当する
研究者
科学者
心理学者
数学者
考古学者過去の人が残した遺跡や遺物を発掘し、人類の生活様式や文化を研究・発表する
哲学者哲学を研究し、論文の執筆や講演活動をする研究職。大学教授として活躍する人が多数。
キャリアカウンセラー就職・転職をはじめ「人の生き方や働き方」に関するカウンセリングを行い、自己実現を支援する
職業訓練指導員公共職業訓練施設などにおいて、求職中の人が就職できるようにアドバイスや指導を行う
チャイルドマインダー0歳から学齢期までの子どもに少人数保育をする、「家庭的保育」のスペシャリスト。
自然・動物
トリマー動物の美容師さん。犬や猫などのカット、シャンプー、爪切りを行い、身だしなみを整える
獣医師ペットや家畜の診察・治療を行う動物のお医者さん。食肉検査や野生動物保護に携わる人も
動物看護師獣医師のサポート役となり、入院中の動物のケアや手術・治療の補助業務を行う
ドッグトレーナーペットの犬や盲導犬などをしつける専門家。犬が人間と一緒に暮らせるよう、専門的な訓練を実施する
動物飼育員動物園や水族館などで暮らす動物の体調管理や世話を行い、来園者に元気な動物の姿を見せる
ブリーダー動物の繁殖や改良を専門的に行う。特定の血統を守り、次の世代へ引き継がせていく
ペットシッター飼い主から依頼を受け、飼い主の代わりにペットの餌やり、散歩などの世話をする
気象予報士民間の気象会社やメディア系の企業などに所属し、膨大な気象関連データを基に天候を予測する
庭師樹木や庭石、芝、池などを集めて個人宅の日本庭園を造り、その維持管理を行う職人
ガーデンデザイナー依頼主の要望を基に住宅の庭や公園、庭園を設計・デザインし、美しい景観造りを行う
花屋生花店で切り花、観葉植物、鉢花を販売する。仕入れから花の管理、手入れまで幅広く行う
フラワーコーディネーターパーティー会場やホテルなど、特別な空間・シーンにふさわしい花を選び、場を彩る
樹木医樹木のお医者さん。環境汚染や病害虫によって病気にかかった樹木の診察・治療を行う
森林インストラクター森林の仕組みに熟知した「森の案内人」。森林での安全な楽しみ方を人々に伝える
農家米、野菜、果物、花木などの農作物を一から育て、商品として出荷することで利益を出す
漁師狙う魚介類に応じた漁法で獲物を釣り上げ、それらを出荷することで利益を得る
グリーンコーディネーターさまざまな観葉植物などを用い、イベント会場、商業施設などの空間デザインや演出を行う。 ドルフィントレーナー水族館でイルカの飼育や調教を担当し、ショーなどで観客を楽しませる仕事。 ペットショップ店員ペットショップで接客、販売、整体管理、その他店舗運営業務に幅広く携わるスタッフ。 鷹匠日本の伝統文化として受け継がれてきた鷹の飼育、訓練を行う専門家。 調教師馬主から競走馬を預かり、厩舎で毎日の世話やトレーニング、健康管理などを行う。 酪農家乳をしぼって生乳を生産したり、それを加工してバターやチーズなどの乳製品を作ったりする。
運輸・乗り物
パイロット航空管制官の指示の下に専門技術を駆使して航空機を操縦し、安全なフライトを実現する
客室乗務員（CA)パイロットと協力し合い、旅客機内での保安管理と乗客への機内サービスを行う
航空整備士膨大な部品から成り立つ航空機の整備・点検を行い、フライト中の事故を未然に防ぐ
航空管制官地上から航空機へ安全な飛行ルートや気象情報に関する指示を出し、空の交通整理を行う
ディスパッチャー航空機が安全に空を飛べるよう、気象状況などの情報を集めてフライトプランを作成する
航海士作成した航海計画に基づき、気象や潮流の状況を踏まえて船を操縦し、船員の指揮をとる
電車運転士高度な技術で電車を動かす。車内の点検や整備にも責任を持ち、安全な運行を実現する
車掌駅のホーム上や電車の車内で適切な案内を行い、電車運転士と協力して乗客の命を守る
運転手タクシー、バス、トラックに乗務し、お客さまや貨物を目的地まで安全に送り届ける
タクシー運転手普通自動車第二種運転免許を持ち、タクシーに乗ったお客さまを目的地まで安全に運ぶ
トラック運転手大型自動車運転免許などを持ち、荷物を荷揚げ場所から荷卸し場所へと運んで物流を支える
バス運転手大型第二種自動車運転免許を持ち、路線バスや観光バスを目的地まで安全に運転する
セールスドライバー
自動車整備士専門技術を駆使して自動車の点検、整備、修理を行い、車のさまざまなトラブルを解決する
通関士貿易業務に必要となる専門的な手続きを代行し、物のスムーズな輸出・輸入を支える
宇宙飛行士国際宇宙ステーション（ISS）に滞在し、研究や実験を行って宇宙開発の一端を担う
鉄道会社社員人々の交通手段となる鉄道を街に走らせると同時に、路線沿線の街づくりに携わる。
航空会社社員航空機で旅客や貨物を輸送する会社。空港で働く人のほか、本社で営業や事務に携わる人も。
海運会社社員海を利用し、船で石油や石炭、機械、食料品、日用品などのあらゆるモノを輸送する。
出版・報道
編集者書籍、雑誌、漫画の内容を企画し、記事を編集して作品として世に生み出していく
ライター作品の企画・コンセプトに基づき、紙媒体やWeb上に掲載される記事を取材・執筆する
コピーライター企業や商品の宣伝、ブランディングを目的としたコピー（文言）を考え、形にする
小説家小さなアイデアの種から物語のイメージを膨らませ、書き下ろしなどの作品として発表する
絵本作家絵本づくり専門の作家。ストーリーを考えてセリフや絵を仕上げ、作品として発表する
新聞記者政治、経済、国際情勢など世の中の動きを取材し、わかりやすい記事にまとめる
ジャーナリスト時事問題や事件の関係者にインタビューをしながら、自身の見解を加えた解説・批評を行う
コラムニスト新聞、雑誌などのメディアに掲載される短い文章を、主観的な見解を交えて執筆する
書店員本の陳列や整理、在庫管理、レジ、POP作成など、書店での販売業務と店舗運営に携わる
カメラマン広告、報道、スポーツなどの各分野で使用される写真を専門的に撮り、記録に残す
新聞社社員紙面で世の中の動きを伝える新聞社に勤める人。取材して記事を作り、読者に届ける。
出版社社員書籍、雑誌、漫画などを企画・編集する出版社に勤める人。自社の本を広める営業職も活躍。
印刷会社社員書籍、チラシ、特殊印刷など、あらゆる印刷物の企画・制作を行い、顧客へ納品する。
エッセイスト（随筆家）筆者が体験したことや得た知識をもとに、想いや考えを文章にした「エッセイ」を書く人。 エディトリアルデザイナー雑誌や書籍、カタログなど複数のページから成る冊子の編集とデザインを行う仕事。 ブックデザイナー（装丁家）ブックカバーや表紙、扉、帯など、手に取りたいと思わせる本の外観をデザインする仕事。 校正者書籍や雑誌、広告などの原稿と校正刷り（ゲラ）を照らし合わせ、内容のチェックをする。 詩人言葉に趣きを与え、詩的に表現することで読む人に感動を与える「詩」を書く人。 速記者特殊な符号を用いて発言を素早く記録し、誰もが読むことのできる原稿に仕上げる仕事。
テレビ・映画
テレビプロデューサーテレビ番組制作の統括的な責任者。人員や予算に決定権を持ち、進行状況を管理する
テレビディレクターテレビ番組制作現場における監督役。スタッフへの指示出しや演技指導を行う
テレビADテレビディレクターの手足となって、制作現場が滞りなく進むようあらゆる雑務をこなす
ラジオディレクターラジオ番組の企画・構成を行い、現場監督として制作スタッフをまとめ上げる
放送作家テレビ・ラジオ番組の企画を考え、各シーンで使われるセリフやナレーションを台本に書く
脚本家映画や演劇などのストーリーを考え、登場人物のセリフや動きをシナリオとして書き上げる
演出家映画や舞台などの作品づくりにおいて、照明、音楽、演技指導などの演出を行う
映画監督ストーリー作りからキャスティング、演技指導まで、映画制作のあらゆる面に責任を持つ
映画宣伝映画の公開に合わせて効果的なプロモーション活動を行い、映画の魅力を広く世に伝える
映像クリエイターテレビのコマーシャルや映画、CG技術を駆使したものなど、各種映像作品を制作する。
テレビ局社員テレビ番組の企画・制作をするテレビ局に勤める人。制作部隊のほか営業職や事務職なども。
番組制作会社社員放送局からの依頼を受け、テレビ番組やラジオ番組制作を行う会社に勤める人のこと。
映画配給会社社員世界から魅力的な映画作品を買い付け、上映する映画館を確保し、作品を宣伝する。
ステノキャプショナータイピングの高度なスキルを駆使し、テレビ番組などの字幕打ち込みを行う専門職。 テレビカメラマンドラマやバラエティから実況放送、生放送まで、テレビ番組で放送する番組の撮影を行う。 映像作家 映画やテレビドラマ、CM、PVなど、あらゆる映像作品の企画を考え、制作する仕事。 構成作家テレビ・ラジオ番組の流れや各コーナーを考え、視聴者の心に訴える企画を形にする。 撮影監督（映画カメラマン）映画制作における映像の専門家。カメラマンとして、撮影スタッフをとりまとめる仕事。 照明スタッフ舞台や撮影現場、イベント時に照明を用いた演出をし、場の雰囲気づくりをする。 美術スタッフ演劇の舞台やテレビ・映画の撮影で使用する舞台装置や小道具を製作する。
音楽・ラジオ
ミュージシャンロック、ポップス、ジャズなど、おもに大衆音楽を演奏し、人々に喜びや感動を与える
歌手音楽の各ジャンルに合う歌を歌い、自身の声で個性や伝えたい思いを表現する
シンガーソングライター
ラジオディレクターラジオ番組の企画・構成を行い、現場監督として制作スタッフをまとめ上げる
ラジオパーソナリティラジオ番組で企画に基づくトークやゲストとの掛け合いをし、番組をスムーズに進行させる
クラブDJクラブハウスでBGMを選曲し、ターンテーブルやミキサーを操作して場を盛り上げる
ピアニストピアノ演奏の技術を持ち、コンサートやバー、ラウンジなど各場所にふさわしい演奏をする
作曲家ミュージシャンが演奏する曲や、映画・ゲームなどの作品に使われる音楽を作り、提供する
作詞家楽曲の雰囲気や歌い手、コンセプトを理解しながら、世界観を表現できる歌詞を作る
音楽プロデューサー音楽制作全般の責任者として、アーティストの売り出し方や楽曲コンセプトなどを決定する
レコーディング・エンジニアアーティストが録音を行うスタジオで音響機器を調整し、より良いサウンドに仕上げる
コンサートスタッフコンサートやライブ会場で設営や運営全般に携わり、出演者と一体となって場を作り上げる
指揮者オーケストラなどで音の表現やテンポなどの指示出しを行い、大勢の演奏家をまとめ上げる
音楽家主にクラシックの分野において、楽器演奏や声楽、作曲、指揮などを専門的に行う
PAエンジニアコンサート、ライブ、舞台などで音響設備を用い、その場に適した音作りをする。 コンサートプロモーターコンサートを開催するにあたっての宣伝や販売促進について企画・運営を行う。 サウンドクリエイターゲーム音楽やアニメ、映画作品などに流れるサウンドを作曲する。 ピアノ講師ピアノ教室や自宅で、生徒の力量や目的に合わせてピアノ演奏を教える先生。 ピアノ調律師一般家庭やコンサート会場に設置されたピアノの調律とメンテナンスをする技術職。 ボイストレーナーきれいな声を出したい人に対し、発声や歌唱などのボイストレーニングの指導をする。 ローディーミュージシャンがライブやツアーで使用する楽器・機材の手配からメンテナンスまでを担当。 音響スタッフコンサートの舞台などで使用するマイクを決め、音響全般に関する技術的サポートをする。 舞台機構調整技能士劇場やコンサートホール、ライブハウスなどで音響設備の調整・操作をする。 編曲家作曲家が作るメロディやリズムに変化を加えながら、曲をより良いものにする。
芸能
芸能人・タレントメディア出演や舞台、イベントの場で不特定多数の人の前に立ち、トークなどを行う
歌手音楽の各ジャンルに合う歌を歌い、自身の声で個性や伝えたい思いを表現する
ミュージシャンロック、ポップス、ジャズなど、おもに大衆音楽を演奏し、人々に喜びや感動を与える
俳優・女優テレビドラマや映画などの作品に出演し、共演者と協力し合いながら役柄を演じる
アイドルメディアやイベントに出演し、トーク、歌、ダンスなどを披露してファンを魅了する
お笑い芸人テレビ番組や舞台、イベントに出演し、コント・漫才などのネタを披露して笑いを生み出す
落語家寄席やテレビ、ラジオに出演し、伝統芸能である落語を演じて人々を楽しませる
アナウンサーテレビ・ラジオのニュースなどを読み、不特定多数の人にわかりやすく正確な情報を伝える
ラジオパーソナリティラジオ番組で企画に基づくトークやゲストとの掛け合いをし、番組をスムーズに進行させる
ナレーターテレビ・ラジオ番組などの映像に合わせて、内容をわかりやすく伝えるための朗読をする
声優アニメやゲームのキャラクターボイス、海外映画の吹き替えなど、「声」で役柄を演じる
モデルファッション雑誌やショーなどで被写体となり、商品を身につけてその魅力をアピールする
イベントコンパニオン企業の展示会や新商品発表会などの場で、商品の魅力をPRしながら来場者を楽しませる
舞台俳優（劇団員）舞台作品に出演し、台本に書かれたセリフや動き、表現によって、さまざまな役柄を演じる
舞妓芸妓見習いをする15歳～20歳までの女性。お座敷で、唄や踊りなどの芸を披露する
芸者
芸能マネージャー俳優・女優、タレントなどに付き、スケジュール管理や出演交渉など活動のサポートをする
スタントマン映画やテレビ番組などで、妙技や離れ業などの多彩なアクションを披露する人のこと。 ニュースキャスター報道番組の進行役として活躍する仕事。ニュースを読み、専門家やゲストの話を聞き出す。 リポーター新聞や雑誌などのメディアで、取材した情報を視聴者にわかりやすく伝える仕事。 レースクイーン自動車競技どのモータースポーツで、参戦する各チームやレースのコンパニオン役を務める。 歌舞伎役者日本の伝統芸能である「歌舞伎」を演じ、文化を後世へと受け継ぐ存在。 能楽師日本の伝統芸能である「能」と「狂言」を演じ、伝統を継承する。
スポーツ
スポーツインストラクター一人ひとりの身体の状態に合わせた運動のトレーニングメニューを作り、指導を行う
スポーツトレーナースポーツ選手を身体面からサポート。トレーニング指導やコンディショニングなどを行う
アスレティックトレーナースポーツ選手の健康管理やケガの応急処置、コンディショニングなどを行い、活動を支える
ヨガインストラクターヨガのトレーニングポーズや呼吸法を指導し、ヨガの魅力と楽しさを人々に伝えていく
ダンサー舞台、イベントで多様なダンスステップやパフォーマンスを披露し、観客に感動を与える
サッカー選手Jリーグに所属するサッカークラブとプロ契約を結び、公式戦に出てプレーする
プロ野球選手日本野球機構（NPB）に加盟するプロ野球球団と契約を結び、公式戦に出てプレーする
プロゴルファーアマチュアで実績を重ね、ゴルフトーナメントへの参加やゴルフの指導を専門的に行う
テニス選手テニスの技術を身につけて国内外のテニス大会へ出場し、各国の一流選手と競い合う
バレーボール選手Vリーグに所属する企業チームやクラブチームと契約を結び、公式戦や各種大会に出場する
バスケットボール選手男子はJPBL、女子はWJBLの所属チームとプロ契約を結び、試合に出る
プロレスラープロレスの興行に参加し、リングで「魅せる」「楽しませる」ことを目的に試合をする
プロボクサーJBCのライセンスを取得したのち、ボクシングの試合に出場してファイトマネーを稼ぐ
キックボクサータイの国技「ムエタイ」を基にしたキックボクシングの試合に出て、勝利を目指す
騎手競走馬とトレーニングをしながらコンディションを調整し、レースで勝利を目指す
競輪選手「トラックレーサー」と呼ばれる競輪専用の自転車に乗り、レースに出場する
競艇選手全国にある競艇場で自身のランクに応じたボートレースに出場し、勝利を目指す
陸上選手主に企業の陸上部に所属し、国内外の陸上大会に出場して好成績を残すことを目指す
水泳選手主に企業の水泳部に所属し、国内外の大きな大会に出場して好成績、上位入賞を目指す
レーサー車やバイクのレースに参加し、マシン操作と運転技術を駆使して優勝、入賞を目指す
バレリーナクラシックバレエの舞台に出演し、豊かな表現力や踊りのテクニックを披露する
審判各スポーツ競技のルールに従い、適正な判定を行いながら、試合をスムーズに進行させる
棋士日本将棋連盟に所属し、リーグ戦、タイトル戦などの将棋の対局で勝利を目指す 健康運動実践指導者 資格/試験 スポーツエージェントプロスポーツ選手に代わって、チームと入団や契約金などの各種交渉を行う。 スポーツカメラマン各媒体に掲載するために、スポーツの大会、試合、イベントで撮影をするカメラマン。 スポーツライタースポーツの大会や試合のレポートやインタビュー原稿など、テーマとする文章の執筆をする。 キャディゴルフ場で選手やお客さんと一緒にコースを回り、スムーズなプレーの手助けをする。 グラウンドキーパーグラウンド整備を行い、スポーツ選手が最高のパフォーマンスを発揮できる環境を整える。 ダイビングインストラクターダイビングライセンスを取得したいと考える人に、海での安全管理や技術の指導をする仕事。 チアリーダースポーツの試合会場で、ダンスや応援のパフォーマンスをし、場の雰囲気を盛り上げる。 プロスケーター国内外のアイスショーに出演し、表現力豊かに演じて観客を魅了する。 ボディビルダー厳しいトレーニングや食事管理で身体をつくり、ボディビルのコンテストの出場する。 ロードレーサー自転車で舗装された道路を走り、順位や所要時間を競うロードレースに出場する。 力士日本相撲協会に所属する相撲取り。日本相撲協会が年6回主催する本場所で相撲をとる。 行司日本の国技である相撲の世界で、土俵上で相撲の取り組みをスムーズに進行させる。 振付師映画やテレビ、舞台、イベントなどに出演するダンサーや歌手に踊りの振り付けをする。
マンガ・アニメ・ゲーム
漫画家雑誌、書籍、Webなどに掲載される漫画のストーリーを考えて絵を描き、作品に仕上げる
アニメーター絵コンテに従い、アニメーションの基となるキャラクターや背景の絵を細かく描く
イラストレーター依頼を受け、雑誌、書籍、ポスターなどに利用されるイラストやキャラクターの絵を描く
声優アニメやゲームのキャラクターボイス、海外映画の吹き替えなど、「声」で役柄を演じる
ゲームクリエイターゲーム制作の現場において、作品の企画立案や制作進行、スケジュール管理などに携わる
ゲームプログラマーゲームの音やキャラクターが意図した通りに動くよう、開発言語を使ってプログラムを組む
CGデザイナー映像作品や建築、車などに使用される2次元、3次元のグラフィックスを作成する
ゲーム制作会社社員人々の娯楽となるゲーム作品を製作する会社。ゲーム会社から依頼を受けての開発業務が主。
ゲームシナリオライターゲームのストーリーなどシナリオを作る人のこと。作品の企画から携わることも。 ゲームデザイナーゲームのキャラクターや背景、アイテムなど、作品中に登場する絵をデザインする。 ゲームプランナーゲーム作品のコンセプトや企画を立て、開発業務に必要な仕様書を作成する。 ゲームディレクター多数のスタッフが参加するゲーム開発現場で、スケジュール管理やチーム全体を束ねる仕事。 ゲームプロデューサーゲーム制作の統括役。予算や人材の確保、スケジュール管理、品質チェックなどを担当する。
広告・デザイン・アート
グラフィックデザイナー企画・コンセプトに基づき、広告、カタログ、ポスターなど主に印刷物のデザインをする
イラストレーター依頼を受け、雑誌、書籍、ポスターなどに利用されるイラストやキャラクターの絵を描く
アートディレクター広告制作の現場において、ビジュアルデザインの責任者として指揮監督を行う
WebデザイナーWebサイト制作現場において、クライアントのニーズを満たすデザインを作成する。
DTPオペレーター印刷物の制作現場で、PCと専用ソフトを駆使して文字や写真のレイアウトを行う
ライター作品の企画・コンセプトに基づき、紙媒体やWeb上に掲載される記事を取材・執筆する
コピーライター企業や商品の宣伝、ブランディングを目的としたコピー（文言）を考え、形にする
プロダクトデザイナー生活用品から家電、自動車など、世の中のありとあらゆる「もの」を設計・デザインする
広告宣伝自社商品やサービス、ブランドの認知度を高めるために、各メディアに広告を出稿する。
ジュエリーデザイナージュエリー製作を専門とするデザイナー。完成品の基となるラフスケッチや図案を作成する
インテリアコーディネーター家具、照明などのインテリア（内装）を選び、その場の雰囲気に合う快適な空間を生み出す
空間デザイナー店舗、ホテル、美術館など、あらゆる空間を、その場にふさわしい内装や装飾で演出する
イベントプランナー展示会や音楽、スポーツ、セミナーなどの各種イベントを企画し、運営業務全般に携わる
芸術家絵画、彫刻、陶芸、音楽などの芸術活動を行い、作品を発表して世の中に影響を与える
画家水彩、油絵などさまざまな道具と手法で自身のイメージする絵を描き、作品を世に発表する
陶芸家土とろくろを使って食器や壺などの焼き物を成形し、窯で焼き上げて作品として仕上げる
書道家書道の道を究め、書道の作品を世の中に発表したり、書道教室の師範として活動する
広告制作会社社員依頼を受けて広告の企画やデザイン、コピーを考え、広告物を作る会社に勤める人のこと。
CMプランナースポンサーから依頼を受けて広告のコンセプトを考え、企画・制作をプランニングする。 DTPデザイナー印刷物制作の現場で、デザインから印刷用の入稿データの制作までをパソコンを使って行う。 WebプロデューサーWebサイトの作成をプロデュースし、サイトのイメージや納期、予算などを決める責任者。 インダストリアルデザイナーデザイナーのなかでも、家電や車、産業機械など、大量生産を前提とした工業製品を担当。 カーデザイナー新しい自動車を開発するために、外観・ボディ・内装などの各部分をデザインする。 キャラクターデザイナーゲームやアニメ作品などに登場するキャラクターをデザインする。 ディスプレイデザイナー百貨店や小売店などの店頭や店内、イベント会場などのデコレーションをする。 パッケージデザイナー食品、日用品、家電など、さあらゆる商品のパッケージをデザインする。 雑貨デザイナー植菌、キッチン用品、文房具など、あらゆる生活雑貨の素材や色、形などをデザインする。 照明デザイナー住宅や店舗の照明、イルミネーションなど、あらゆる場の空間の光を演出する。 華道家季節に応じた花を花器や花瓶などに美しく生けたり、花を使って空間全体を演出する。 原型師工業製品の鋳型（いがた）やフィギュア、玩具を造る際に模型となる原型を制作する。 彫金師金属を彫り、ジュエリーやアクセサリー、仏具や家具、建築物などの飾り金具を製作する。 彫刻家粘土類、石材、木材、金属などあらゆる素材を彫り刻み、立体的な造形芸術を表現する。 版画家木や銅、石、アルミ板などに細工をし、絵具やインクの転写や透写を行う版画を制作する人。 仏師古来より伝わる特殊な技法を用い、寺院や仏壇に置かれる仏像を制作する。
コンピューター
プログラマープログラム言語を用いて、コンピュータ上で使われるシステムやソフトウェアを開発する
ゲームプログラマーゲームの音やキャラクターが意図した通りに動くよう、開発言語を使ってプログラムを組む
CGデザイナー映像作品や建築、車などに使用される2次元、3次元のグラフィックスを作成する
WebデザイナーWebサイト制作現場において、クライアントのニーズを満たすデザインを作成する。
WebディレクターWebサイトの制作現場で制作スタッフをとりまとめ、的確な指示を出すリーダー役。
Webエンジニア
システムエンジニア大勢の技術者が動くソフトウェア開発の現場で、仕様書の作成や開発チームの管理などを行う
ITエンジニア
アプリケーションエンジニア
インフラエンジニア
ネットワークエンジニアネットワークインフラのシステムの設計・構築から運用管理全般を担当するIT技術者。
AIエンジニア
データサイエンティストビッグデータを分析・解析し、それをビジネスに活用するための知見・情報を引き出す
カスタマーエンジニア
CADオペレーター図面作成ソフト「CAD」を用い、建築やアパレルなどの分野で使われる図面を作成する
情報システム（社内SE)自社のIT戦略を策定し、情報システムの構築・運用・保守やITに関するサポートをする。
IT企業社員コンピューターやデータ通信に関する事業を手掛け、サービスを提供する。
通信会社社員インフラのひとつである通信サービスを提供し世の中の安定的な通信環境を整える。
携帯電話会社社員携帯電話やスマートフォンの通信サービスを提供する会社。ITを活用したサービスも企画。
Webメディア企業社員
Webプログラマープログラミング言語を用い、Webサイトの構築に必要なプログラミングをするエンジニア。 サービスエンジニアメーカーなどで、機械や電気の設備、機器の保守管理やメンテナンスを担当する技術職。 システムアナリストIT業界で顧客の抱える課題を把握し、システム開発の最上流工程を担当するエンジニア。 セールスエンジニア機械関連のメーカーやIT業界において、技術的な知識を備えた営業職。 データベースエンジニアIT関連企業で、データベースの設計、開発、運用、管理を担当するエンジニア。 パソコンインストラクターパソコンスクールrなどで、パソコンの操作方法や各種ソフトウェアの使い方を教える仕事。
保安
警察官国・都道府県の警察組織に所属し、事件や事故の捜査や取締りを行って社会の治安を保つ
消防士地方自治体の消防本部や消防署に所属し、火災の消火や救急活動を行って住民の安全を守る
救急救命士救急車に同乗し、医師の指導の下で救急救命処置を実施。一刻を争う事態に最善を尽くす
自衛隊「陸・海・空」から日本の平和と安全を守り、外部侵略に対して防衛する任務を果たす
海上保安官日本の海域を常に監視し、不審船の取締りや海洋情報を収集して海の治安と安全を守る
刑務官刑務所など法務省管轄の刑事施設に勤務し、施設の運営や警備、受刑者の指導を行う
法務教官少年院や少年鑑別所に勤務し、非行を犯した少年が更生するよう教育や訓練、助言を行う
入国審査官空港や港の地方入国管理局などに勤務し、日本に出入国する外国人の審査と管理を行う
入国警備官入国管理局に勤務し、日本への不法入国、不法滞在の疑いがある外国人を調査、摘発する
税関職員全国の空港や港で、輸出入貨物の審査・検査や手荷物の検査、不正薬物の密輸取締等を行う
皇宮護衛官皇宮警察本部に所属し、天皇・皇后両陛下や皇族の護衛と皇居、御所、御用邸の警備を行う
麻薬取締官違法な麻薬の流通と薬物犯罪を取り締まり、特別司法警察官として状況に応じて逮捕を行う
食品衛生監視員輸入食品の監視や検疫業務、飲食店で食中毒の調査等を行い、「食の安全・安心」を守る
警備員工事現場や商業施設などの警備や人の警護を行い、人々と社会の安全・安心を守る
ボディーガード公的機関や民間企業で、身辺警護や要人警護などの警備業務に携わる人のこと。 法律 弁護士法律の専門家として、刑事事件や民事事件に関するトラブルの相談業務や法的手続きを行う
パラリーガル弁護士の監督の下で、法律知識を生かしながら弁護士の多様な業務をサポートする
検事検察庁に勤務し、事件や犯罪に関する捜査・公判や裁判執行時の指揮監督を行う
検察事務官検察庁に勤務し、検事（検察官）の補佐役として事件の捜査や事務等に携わる
裁判官裁判所において刑事・民事訴訟のあらゆる証拠を調べたうえで、法に照らして判決を下す
裁判所事務官裁判所における事務の専門家。各種書類の作成や総務、人事、会計などに従事する
家庭裁判所調査官家庭裁判所において、家事事件や少年事件の当事者や家族、事件の背景について調査を行う
弁理士「知的財産」の専門家として、権利化のサポートをする
司法書士不動産登記や商業登記など、各分野の法律に関する書類作成や法律上の手続きを代行する
行政書士会社設立や店舗の営業許可など、官公署に提出する多様な書類作成と申請手続きを代行する
社会保険労務士社会保険に関する専門家として、書類作成や企業の人事、労務、給与計算等に携わる
宅地建物取引主任者不動産の取引を行うにあたり、権利関係の調査や内容説明、契約締結などの業務を担当する
不動産鑑定士住宅、店舗、オフィスといった不動産の鑑定評価を行い、その適正価格を決定する
土地家屋調査士土地の調査や測量をし、不動産の表示に関する登記の申請手続きを独占的に行う
マンション管理士マンションの維持・管理に関する専門家として、マンション管理組合のサポートを行う
国税専門官税金のスペシャリストとして、企業や個人に対し税金に関する指導・徴収・調査を行う
財務専門官財政・金融のプロフェッショナルとして、国の予算執行調査や金融機関の検査・監督を行う
労働基準監督官労働者と事業者の間に立ち、双方のトラブル解決や労災に関する予防・調査業務を行う
政治家国会議員や地方公共団体の議員・議長などの公職に就き、国民を代表して政治に携わる
国会議員日本国民を代表して法案の提出や審議、法律の制定を行い、より良い社会づくりを目指す
県議会議員都道府県民を代表し、議会に参加して条例の制定や予算決定に関する議決を行う
市議会議員市民の代表として議会に出席し、議案審議や議決を実行。市民の声を市政に反映させる
官僚中央省庁に勤務する国家公務員。国の法律や予算に基づき具体的な政策を考え、実務を行う
市役所職員市役所に勤務する公務員。事務業務や土木・電気など技術系業務を行い、市民生活を支える
議員秘書国会議員の右腕となり、スケジュール管理や広報活動などあらゆるサポートを行う
法務企業が事業を展開する際に必要な、法律にまつわる仕事を担う法律のプロフェッショナル。
海事代理士船舶の登記などを担当する、海事代理士法に関する法律の専門家。 国会議員政策担当秘書国の政治を担う国会議員の右腕となり、政策・法案の立案の手助けや質問案の作成をする。 国会図書館職員立法府に所属する国会図書館のスタッフとして、司書業務や一般事務などを担当する人。 参議院・衆議院事務局職員特別職の国家公務員「国会職員」として、両議院の事務や警備などに携わる。 弁護士秘書多忙な弁護士をサポート。スケジュール管理や来客対応、事務作業など幅広くこなす。
国際
商社マン総合商社や専門商社に勤める人。営業の仕事を中心に、世界中と「もの」の商取引を行う
海外営業
外交官自国を代表し、政治・経済・文化面などにおいて外国との交渉や交流を行う国家公務員
通訳ビジネスや観光の場で、二つ以上の異なる言語を、お互いの国の言葉に訳して相手に伝える
翻訳家文芸、研究論文、映像作品などに使われている外国語の文章を日本語に訳す
日本語教師日本語の背景にある習慣や文化、歴史を伝えながら、外国人に日本語を教える先生
客室乗務員（CA)パイロットと協力し合い、旅客機内での保安管理と乗客への機内サービスを行う
グランドスタッフ搭乗手続きから乗客の案内まで空港での接客業務を行い、安全・安心なフライトを実現する
通訳案内士訪日外国人に対して日本の魅力をわかりやすく伝え、滞在中の生活を広くサポートする
海外ツアーガイド日本から海外へ旅行するお客さまのガイド役。現地の観光案内や送迎などを行う
入国審査官空港や港の地方入国管理局などに勤務し、日本に出入国する外国人の審査と管理を行う
通関士貿易業務に必要となる専門的な手続きを代行し、物のスムーズな輸出・輸入を支える
貿易事務貿易を行う企業において、輸入・輸出に関する際に必要な書類作成や調整業務を担当する。
国連職員国連本体やその下部機関に所属し、紛争、人権、貧困など世界の諸問題の解決に取り組む
青年海外協力隊世界の途上国に派遣され、ボランティアとして現地の公共事業や社会福祉などの支援を行う
JETRO職員独立行政法人「JETRO」に勤務する人。日本経済のグローバル化と発展を貿易面から支援する
JICA職員独立行政法人「JICA」に勤務し、開発途上国の支援プロジェクトの進行管理等を行う
国際公務員国際連合などの国際機関に所属し、国際社会の利益と共存のために仕事をする。
金融・会計
公認会計士企業や組織の決算書類や会計処理の内容を監査し、間違いがないことを証明する
税理士企業や個人に向けて、所得税などの税金に関するアドバイスや税務処理のサポートをする
銀行員銀行に勤務する人のこと。預金、貸付、為替などの各領域で、営業や事務などの職種に就く
ファンドマネージャー投資家から預かった資金の運用計画を立て、市場の情報に基づいて資金を運用する
トレーダー投資銀行や証券会社のトレーディング部門で、株式や債券などの売買の取引仲介を行う
国税専門官税金のスペシャリストとして、企業や個人に対し税金に関する指導・徴収・調査を行う
保険外交員個人や企業に対し、個々のライフスタイルに合う保険商品の提案、コンサルティングを行う
ファイナンシャルプランナー生命保険や住宅ローンなど、個々のライフイベントに沿った資産設計、提案を行う
アクチュアリー保険や年金の適正な掛け金と支払金の額を決定する、数理業務のプロフェッショナル
経理決算書作成、給与計算、経費精算、税理士との折衝など、企業経営の数字面を担当する。
証券会社社員株式売買の仲介や、会社が株式を発行してお金を集めるのを手助けする。
損害保険会社社員自然災害や自動車の衝突事故など、偶然な事故による損害を補償する商品を販売する。
生命保険会社社員死亡や病気など、不測の事態に備える生命保険商品を企画し、お客さまに販売する。
クレジットカード会社社員カード利用者と加盟店をつなげ、クレジットカードの仕組みを構築し、運営する。
外資系金融企業社員
税務署職員全国の税務署で、税金の徴収や調査、滞納整理を専門的に行う人のこと。 デイトレーダーおもに自宅でパソコンを使って株の売り買いを繰り返し、利益を得る。 技術アジャスター
建築・インテリア
建築士予算や建物のイメージを基に、安全性や耐震性を考慮した建築物の設計、工事管理を行う
インテリアコーディネーター家具、照明などのインテリア（内装）を選び、その場の雰囲気に合う快適な空間を生み出す
空間デザイナー店舗、ホテル、美術館など、あらゆる空間を、その場にふさわしい内装や装飾で演出する
インテリアデザイナー家具、カーテン、照明など内装全般の企画・設計を行い、あらゆる空間を魅力的に演出する
宅地建物取引主任者不動産の取引を行うにあたり、権利関係の調査や内容説明、契約締結などの業務を担当する
不動産営業
不動産鑑定士住宅、店舗、オフィスといった不動産の鑑定評価を行い、その適正価格を決定する
土地家屋調査士土地の調査や測量をし、不動産の表示に関する登記の申請手続きを独占的に行う
マンション管理士マンションの維持・管理に関する専門家として、マンション管理組合のサポートを行う
マンション管理人
ビルメンテナンス
大工主に木造住宅の領域で、ノコギリ、ノミ、カンナなどの道具を使い、建築物の下地を造る
宮大工神社や仏閣など、日本の伝統的な木造建築の新築や改築、修理などを手掛ける職人
鳶職人建設現場において、高所での作業に携わる職人。足場作りや骨組みの取り付けを中心に行う
左官建築工事において、壁塗りやタイル貼り、レンガ積み、床仕上げなどを専門的とする職人
電気工事士一般住宅やビル、店舗など、あらゆる建物の電気設備の設計・施工を担当する技術者。
土木作業員建設工事や水道などのインフラ整備に携わり、大型重機を用いて土地の採掘や造成をする
重機オペレーター
塗装工
溶接工
配管工ガス・空調・給排水などの建築設備分野で、配管工事や設備取り付けを専門とする技術者
建築板金工金属板を加工して、木造住宅や店舗の屋根、外壁を専門的に施工する職人
建設コンサルタント
環境コンサルタント
環境計量士
測量士あらゆる建造物を造る際に必要な土地の位置・高さ・長さ・面積を測り、図面を作成する
ビオトープ管理士
建築施工管理技士
土木施工管理技士
電気工事施工管理技士
管工事施工管理技士
建設機械施工管理技士
造園施工管理技士
家具職人無垢材などを用い、家具の設計図面を基に木材の切り出し、加工、組み立て、塗装を行う
潜水士海、河川、下水、ダムといった水中に長時間潜り、土木建築、海洋調査、救助などの作業を行う
不動産会社社員住宅や土地、商業施設といった不動産の売買・賃貸・管理あるいはそれらの仲介を行う。
建設会社社員住宅や商業ビル、公園、道路、橋など、あらゆる種類の建築・土木工事に携わる。
住宅メーカー社員規格化・工業化によって住宅を大量生産し、全国規模で事業展開する。
住宅設備メーカー社員住宅や店舗、オフィスなどの建築物に関するインテリアの設計を行う。
インテリアプランナー住宅や店舗、オフィスなどの建築物に関するインテリアの設計を行う。 建築模型士住宅などの建物を建設する際に、家や施設の立体的なミニチュア模型を作る。
事務
秘書企業の社長や役員などにつき、スケジュール管理や電話・来客応対など庶務全般をこなす
一般事務企業や団体などの組織で、資料作成、電話・来客応対、データ収集といった事務作業を行う。
営業事務企業で働く営業担当者のサポート役として、納品管理や見積書作成、各種事務業務を行う。
医療事務病院の受付窓口業務や診療報酬明細書を作成する、医療現場における事務のスペシャリスト
病棟クラーク入院施設のある病院に勤務し、入院患者のカルテ管理や各種手続きを行い医師と看護師をサポートする
歯科助手歯科医院での受付やカルテ整理、治療の補佐など、裏方として歯科医師をサポートする
パラリーガル弁護士の監督の下で、法律知識を生かしながら弁護士の多様な業務をサポートする
貿易事務貿易を行う企業において、輸入・輸出に関する際に必要な書類作成や調整業務を担当する。
学校事務各学校に勤務し、学生や教職員が安心して過ごせるよう学校運営を裏方としてサポートする。
介護事務介護関連施設において、受付や会計をはじめ、介護サービスに関する事務全般を担当する。
議員秘書国会議員の右腕となり、スケジュール管理や広報活動などあらゆるサポートを行う
弁護士秘書多忙な弁護士をサポート。スケジュール管理や来客対応、事務作業など幅広くこなす。
葬祭・宗教
販売員
携帯ショップ店員
食品スーパー店員
コンビニ店長 仕事内容 なるには –	給料/年収
オフィス
営業企業において、自社の商品やサービスをお客さまに提案・販売し、利益を生み出す仕事。
ルートセールス
人材コーディネーター
スーパーバイザー
カスタマーサポート
海外営業
不動産営業
一般事務企業や団体などの組織で、資料作成、電話・来客応対、データ収集といった事務作業を行う。
営業事務企業で働く営業担当者のサポート役として、納品管理や見積書作成、各種事務業務を行う。
受付企業や組織の「顔」として活躍。来訪者をもてなし、担当者へ取り次いで、案内する。
経営企画企業の中長期計画や経営計画を立て、進捗管理を行いながら、経営を支える仕事。
商品企画「売れる」新商品を開発するためにマーケティングや市場調査を行い、アイデアを形にする。
広告宣伝自社商品やサービス、ブランドの認知度を高めるために、各メディアに広告を出稿する。
マーケティング
マーチャンダイザーアパレルや流通・小売業界において、商品開発、販売計画、予算管理を専門的に行う仕事。
販売促進「商品・サービスをより効果的に売るにはどうすればよいのか？」を考え、仕掛けていく。
人事採用、評価、教育、労務管理など、組織に不可欠な「ヒト」にまつわる仕事をする。
総務企業や団体の従業員が働きやすい制度・環境づくりに取り組み、組織運営を裏方で支える。
法務企業が事業を展開する際に必要な、法律にまつわる仕事を担う法律のプロフェッショナル。
知財
内部監査
経理決算書作成、給与計算、経費精算、税理士との折衝など、企業経営の数字面を担当する。
広報自社そのものや商品・サービスの認知度向上のために、必要な情報を広く世の中に発信する。
IR企業活動を支える投資家や株主に対して、経営や財務状況などの情報を提供する。
情報システム自社のIT戦略を策定し、情報システムの構築・運用・保守やITに関するサポートをする。
生産管理
生産技術
品質管理
品質保証
役員
社長
オフィス 銀行員銀行に勤務する人のこと。預金、貸付、為替などの各領域で、営業や事務などの職種に就く
証券会社社員株式売買の仲介や、会社が株式を発行してお金を集めるのを手助けする。
損害保険会社社員自然災害や自動車の衝突事故など、偶然な事故による損害を補償する商品を販売する。
生命保険会社社員死亡や病気など、不測の事態に備える生命保険商品を企画し、お客さまに販売する。
信用金庫社員
クレジットカード会社社員カード利用者と加盟店をつなげ、クレジットカードの仕組みを構築し、運営する。
外資系金融企業社員
不動産会社社員住宅や土地、商業施設といった不動産の売買・賃貸・管理あるいはそれらの仲介を行う。
建設会社社員住宅や商業ビル、公園、道路、橋など、あらゆる種類の建築・土木工事に携わる。
住宅メーカー社員規格化・工業化によって住宅を大量生産し、全国規模で事業展開する。
住宅設備メーカー社員住宅や店舗、オフィスなどの建築物に関するインテリアの設計を行う。
電力会社社員インフラのひとつである電力を生み出し、住宅や企業、工場などへ安定的に供給する。
ガス会社社員エネルギーの一種であるガスを製造し、家庭や企業、工場などに安全に供給する。
石油会社社員重要なエネルギー源である石油の輸入や精製、生産、販売を一貫して手掛ける。
旅行代理店社員交通・宿泊などの旅行商品を企画・実施、あるいは仲介して販売する。
ゲーム制作会社社員人々の娯楽となるゲーム作品を製作する会社。ゲーム会社から依頼を受けての開発業務が主。
映画配給会社社員世界から魅力的な映画作品を買い付け、上映する映画館を確保し、作品を宣伝する。
人材派遣会社社員派遣スタッフとして働きたい人に対し、派遣先となる企業での仕事をあっせんする。
IT企業社員コンピューターやデータ通信に関する事業を手掛け、サービスを提供する。
通信会社社員インフラのひとつである通信サービスを提供し世の中の安定的な通信環境を整える。
携帯電話会社社員携帯電話やスマートフォンの通信サービスを提供する会社。ITを活用したサービスも企画。
製薬会社社員
素材メーカー社員
鉄鋼会社社員輸送機や建築、家電などに用いられる、素材の一種である「鉄」を作り出す。
化学メーカー社員原料を化学反応で加工し、石油、ゴム、プラスチックなどさまざまなものを生み出す。
繊維メーカー社員合繊繊維や天然繊維など、衣料品や産業用にも使われる各種繊維の開発・製造を行う。
電機メーカー社員家電や重電製品、コンピュータ製品など、あらゆる電機製品の開発・生産・販売を行う。
医療機器メーカー社員病院やクリニックなどの医療現場で用いられる多種多様な製品を製造し、販売する。
精密機器メーカー社員
消費財メーカー社員
ジュエリーメーカー社員
物流企業社員
鉄道会社社員人々の交通手段となる鉄道を街に走らせると同時に、路線沿線の街づくりに携わる。
航空会社社員航空機で旅客や貨物を輸送する会社。空港で働く人のほか、本社で営業や事務に携わる人も。
海運会社社員海を利用し、船で石油や石炭、機械、食料品、日用品などのあらゆるモノを輸送する。
食品メーカー社員原材料を仕入れて食品を製造し、流通させる。安全・安心に基づく商品の製造が使命。
飲料メーカー社員水、お茶、ジュースなどのさまざまな飲料品を企画・製造し、安全に流通させる。
文房具メーカー社員
自動車メーカー社員人間が乗る自動車を企画・開発し、生産する会社。最先端技術を用いる研究開発も。
自動車部品メーカー社員自動車製造に必要とされる多種多様な部品をつくり、自動車メーカーに供給する。
自動車ディーラー社員おもに自動車メーカーと特約店契約を結び、販売やアフターサービスを提供する。
化粧品メーカー社員化粧品を製造・販売する会社。新商品を企画・開発し、店舗販売や通販で消費者に届ける。
百貨店社員複数の分野の専門店が入り、多種類の商品を展示陳列して販売する小売店に勤める人のこと。
広告制作会社社員依頼を受けて広告の企画やデザイン、コピーを考え、広告物を作る会社に勤める人のこと。
番組制作会社社員放送局からの依頼を受け、テレビ番組やラジオ番組制作を行う会社に勤める人のこと。
映像制作会社社員
出版社社員紙面で世の中の動きを伝える新聞社に勤める人。取材して記事を作り、読者に届ける。
新聞社社員書籍、雑誌、漫画などを企画・編集する出版社に勤める人。自社の本を広める営業職も活躍。
印刷会社社員書籍、チラシ、特殊印刷など、あらゆる印刷物の企画・制作を行い、顧客へ納品する。
Webメディア企業社員
商社マン総合商社や専門商社に勤める人。営業の仕事を中心に、世界中と「もの」の商取引を行う
専門商社社員食品、アパレル、化学品など、ある分野に特化した商品を扱う商社。
ブライダル企業
アパレルメーカー社員企業や組織の「顔」として活躍。来訪者をもてなし、担当者へ取り次いで、案内する。
公務員
国家公務員国民全体の奉仕者として、国の財政運営や医療、社会福祉など、公のための仕事に携わる。
地方公務員国民全体の奉仕者として自治体組織に所属し、各地域の生活や産業に密着した仕事をする。
警察官国・都道府県の警察組織に所属し、事件や事故の捜査や取締りを行って社会の治安を保つ
消防士地方自治体の消防本部や消防署に所属し、火災の消火や救急活動を行って住民の安全を守る
救急救命士救急車に同乗し、医師の指導の下で救急救命処置を実施。一刻を争う事態に最善を尽くす
自衛隊「陸・海・空」から日本の平和と安全を守り、外部侵略に対して防衛する任務を果たす
海上保安官日本の海域を常に監視し、不審船の取締りや海洋情報を収集して海の治安と安全を守る
刑務官刑務所など法務省管轄の刑事施設に勤務し、施設の運営や警備、受刑者の指導を行う
法務教官少年院や少年鑑別所に勤務し、非行を犯した少年が更生するよう教育や訓練、助言を行う
入国審査官空港や港の地方入国管理局などに勤務し、日本に出入国する外国人の審査と管理を行う
入国警備官入国管理局に勤務し、日本への不法入国、不法滞在の疑いがある外国人を調査、摘発する
税関職員全国の空港や港で、輸出入貨物の審査・検査や手荷物の検査、不正薬物の密輸取締等を行う
皇宮護衛官皇宮警察本部に所属し、天皇・皇后両陛下や皇族の護衛と皇居、御所、御用邸の警備を行う
麻薬取締官違法な麻薬の流通と薬物犯罪を取り締まり、特別司法警察官として状況に応じて逮捕を行う
検事検察庁に勤務し、事件や犯罪に関する捜査・公判や裁判執行時の指揮監督を行う
検察事務官検察庁に勤務し、検事（検察官）の補佐役として事件の捜査や事務等に携わる
裁判官裁判所において刑事・民事訴訟のあらゆる証拠を調べたうえで、法に照らして判決を下す
裁判所事務官裁判所における事務の専門家。各種書類の作成や総務、人事、会計などに従事する
家庭裁判所調査官家庭裁判所において、家事事件や少年事件の当事者や家族、事件の背景について調査を行う
国税専門官税金のスペシャリストとして、企業や個人に対し税金に関する指導・徴収・調査を行う
財務専門官財政・金融のプロフェッショナルとして、国の予算執行調査や金融機関の検査・監督を行う
労働基準監督官労働者と事業者の間に立ち、双方のトラブル解決や労災に関する予防・調査業務を行う
官僚中央省庁に勤務する国家公務員。国の法律や予算に基づき具体的な政策を考え、実務を行う
市役所職員市役所に勤務する公務員。事務業務や土木・電気など技術系業務を行い、市民生活を支える
国会図書館職員立法府に所属する国会図書館のスタッフとして、司書業務や一般事務などを担当する人。 参議院・衆議院事務局職員特別職の国家公務員「国会職員」として、両議院の事務や警備などに携わる。 葬祭・宗教 僧侶（住職・坊さん）お寺に所属し、葬儀や法事の際の読経、説教をするほか、墓地の維持・管理に携わる
神職・神主神社に所属し、儀式の執行や参拝者の対応、施設の維持管理、事務処理まで幅広く携わる
神父・牧師カトリックやプロテスタントのキリスト教会に所属し、人々へ布教活動や礼拝、ミサを行う
葬儀屋亡くなった方の葬儀手配から式場準備、司会進行まで、葬儀に必要な一連の業務を担当する
納棺師遺体が火葬される前段階において、その状態を適切に管理しながらきれいな形で棺に納める
その他
コンサルタント企業が抱える課題を把握し、経営状態等を分析したうえで、有効な解決策を提案する
経営コンサルタント
人事コンサルタント
便利屋
社会起業家
マジシャンショーなどで多様なマジック（奇術・手品）を披露し、お客さまに驚きと楽しみを与える
探偵組織や個人から依頼を受け、法律の範囲内において、さまざまな身辺調査や警戒業務を行う
傭兵フリーランスの軍人。海外の軍隊や軍事組織、民事軍事会社に雇われて戦争行為をする
占い師多様な占いの技法を駆使して、相談者の人生や日常生活上の悩みに対してアドバイスをする
冒険家国内外の海、山、川、極地などを旅して、人類の新たな発見や過酷なチャレンジをする
鍵師専門的な技術と道具を駆使して、家や自動車の鍵を複製や、鍵の解錠を行う
執事邸宅に仕える使用人の筆頭として家政全般を取り仕切り、主人やその家族へ給仕を行う
カジノディーラーカジノの接客役。場の雰囲気を演出しながらゲームを進行させ、ゲストをもてなす。
ユーチューバーユーチューブに動画をアップロードして視聴数を増やし、その広告収入で生計を立てる。
アフィリエイターウェブサイトに商品などの広告を掲載し、そこから収入を得て生計を立てる人。 プロブロガー趣味や本人の詳しい分野に関する情報ブログを運営し、そこに載せた広告から収入を得る。 ひよこ鑑定士ニワトリのヒナの雄雌鑑別をする専門職。養鶏産業を陰で支えている。 花火師花火に使用する火薬を配合し、作り上げ、打ち上げる職人。熟練した技術が必要な仕事。 実演販売士家電量販店などの店頭に立ち、販売する商品を顧客に直接説明し、販促活動を行う。 賞状書士書道の師範免許などを持ち、賞状や卒業証書などに美しい文字を書く仕事。 登山家山に登ることで生計を立てる人。登山ガイドや講演活動など多方面で活躍することも。
